{
  "blog": [
    {
      "id": 105,
      "user_id": 33,
      "title": "녹음",
      "content": "화창한 나무가 좋아!",
      "createdAt": "2024-02-21T07:38:22.000Z",
      "updatedAt": "2024-02-21T07:38:22.000Z",
      "User": { "username": "tree" }
    },
    {
      "id": 104,
      "user_id": 1,
      "title": "우리집 강아지가",
      "content": "사랑이가 제일좋아!",
      "createdAt": "2024-02-21T07:35:24.000Z",
      "updatedAt": "2024-02-23T07:17:08.000Z",
      "User": { "username": "pink" }
    },
    {
      "id": 102,
      "user_id": 32,
      "title": "나는 사랑이를",
      "content": "너무 좋아해♥",
      "createdAt": "2024-02-21T02:55:17.000Z",
      "updatedAt": "2024-02-21T02:55:17.000Z",
      "User": { "username": "love" }
    }
  ],
  "totalPage": 2,
  "loginUserName": "pink",
  "loginUserId": false
}
